{"parameters": 11684232, "_timestamp": 1685100761.854982, "_runtime": 13.948968887329102, "_step": 1, "lr": 0.1}