{"parameters": 11684232, "_timestamp": 1685101838.1556416, "_runtime": 3.95562744140625, "_step": 1, "lr": 0.1}