{"parameters": 27357320, "_timestamp": 1685101876.5729635, "_runtime": 3.5153024196624756, "_step": 1, "lr": 0.1}