{"parameters": 11684232, "_timestamp": 1685101699.187465, "_runtime": 6.285791873931885, "_step": 1, "lr": 0.1}